{
  "xgb_best_params": {
    "max_depth": 5,
    "min_child_weight": 10,
    "gamma": 0.10782901323280475,
    "n_estimators": 399,
    "learning_rate": 0.023766581923385436,
    "reg_alpha": 3.460432702430055e-08,
    "reg_lambda": 0.0163176613032917,
    "subsample": 0.8586590192184134,
    "colsample_bytree": 0.5566403547984045,
    "scale_pos_weight": 7.540101415091063,
    "eval_metric": "logloss",
    "random_state": 42,
    "n_jobs": -1,
    "verbosity": 0
  },
  "lgbm_best_params": {
    "n_estimators": 843,
    "max_depth": 3,
    "learning_rate": 0.029882816990148154,
    "num_leaves": 60,
    "min_child_samples": 62,
    "subsample": 0.8400163909980994,
    "colsample_bytree": 0.6887106843633471,
    "reg_alpha": 0.06966111909206477,
    "reg_lambda": 1.0412750521519361e-07,
    "class_weight": "balanced",
    "random_state": 42,
    "n_jobs": -1,
    "verbose": -1
  },
  "xgb_best_mae": 0.11107804795102874,
  "lgbm_best_mae": 0.11129059683727258
}